id,name,age,email,gender,job,country
1,Evelyn Cattach,33,ecattach0@wikipedia.org,Female,Staff Accountant I,Sweden
2,Jerry Metzke,52,jmetzke1@hubpages.com,Female,Internal Auditor,Sweden
3,Rayshell Rozea,32,rrozea2@mit.edu,Female,Administrative Assistant I,Brazil
4,Matt Bremen,37,mbremen3@cnet.com,Male,Human Resources Manager,Colombia
5,Hagan Franey,57,hfraney4@github.com,Male,Analog Circuit Design manager,Bulgaria
6,Minetta Talboy,25,mtalboy5@msu.edu,Female,Marketing Assistant,Finland
7,Annamaria Monkley,11,amonkley6@linkedin.com,Female,Human Resources Assistant II,Sweden
8,Reiko Benallack,26,rbenallack7@taobao.com,Female,VP Quality Control,China
9,Freda Tompkinson,9,ftompkinson8@fc2.com,Female,Accountant II,Palestinian Territory
10,Melesa Wollen,18,mwollen9@google.it,Female,Developer II,Slovenia
11,Robinette Siney,14,rsineya@alexa.com,Female,Programmer Analyst II,Brazil
12,Tova Byrth,44,tbyrthb@creativecommons.org,Female,Compensation Analyst,Poland
13,Correy Grammer,17,cgrammerc@exblog.jp,Male,Internal Auditor,China
14,Abbey Martinon,57,amartinond@xrea.com,Male,Systems Administrator III,Philippines
15,Merry Yitzhok,,myitzhoke@census.gov,Male,Nurse Practicioner,Brazil
16,Kenna Ramsay,41,kramsayf@adobe.com,Female,Research Associate,Ukraine
17,Seana Maudlin,40,smaudling@ed.gov,Female,Paralegal,Czech Republic
18,Guy Cyphus,6,gcyphush@sun.com,Male,Help Desk Operator,Nigeria
19,Crawford Harbin,40,charbini@foxnews.com,Male,Programmer Analyst III,Iran
20,Dodi Reiglar,22,dreiglarj@furl.net,Female,Recruiting Manager,Colombia
21,Ailis Fullagar,3,afullagark@theglobeandmail.com,Female,Cost Accountant,Russia
22,Gilberto Scandrick,50,gscandrickl@admin.ch,Male,Desktop Support Technician,Angola
23,Joellen Rosen,31,jrosenm@discovery.com,Female,Biostatistician IV,Philippines
24,Karalee Edwin,33,kedwinn@hugedomains.com,Female,Statistician III,Ukraine
25,Wenona Spriddle,1,wspriddleo@hostgator.com,Female,Community Outreach Specialist,Indonesia
26,Dayna MacCook,43,dmaccookp@virginia.edu,Female,Librarian,Indonesia
27,Packston Basnett,,pbasnettq@slashdot.org,Male,Account Coordinator,Malta
28,Yanaton Siggery,23,ysiggeryr@tripadvisor.com,Male,Occupational Therapist,Brazil
29,My McClarence,6,mmcclarences@miibeian.gov.cn,Male,Geologist I,Philippines
30,Bradford Dyerson,26,bdyersont@shutterfly.com,Male,Food Chemist,Czech Republic
31,Nikki Carlsson,,ncarlssonu@altervista.org,Male,Account Representative III,Sweden
32,Moses Jakab,27,mjakabv@exblog.jp,Male,Project Manager,Namibia
33,Violetta Lapidus,14,vlapidusw@surveymonkey.com,Female,Civil Engineer,Yemen
34,Tory Largan,2,tlarganx@bloglovin.com,Female,Operator,Sweden
35,Geri Dampier,36,gdampiery@elpais.com,Male,Analyst Programmer,Montenegro
36,Menard Quade,35,mquadez@wired.com,Male,Business Systems Development Analyst,Brazil
37,Holly-anne Hubbins,27,hhubbins10@google.com,Female,Civil Engineer,Russia
38,Davin Yourell,49,dyourell11@flickr.com,Male,Analyst Programmer,China
39,Janet Tschersich,12,jtschersich12@xing.com,Female,Quality Engineer,Indonesia
40,Sean Flanne,,sflanne13@state.tx.us,Male,Payment Adjustment Coordinator,Syria
41,Tana Berntssen,51,tberntssen14@netlog.com,Female,Marketing Manager,Canada
42,Leisha Cordeux,34,lcordeux15@blogger.com,Female,Design Engineer,Russia
43,Odelle Cottel,26,ocottel16@wordpress.com,Female,Mechanical Systems Engineer,Tanzania
44,Sal Petcher,13,spetcher17@usnews.com,Male,Human Resources Manager,Iran
45,Fredrick Bollard,53,fbollard18@eventbrite.com,Male,Legal Assistant,Philippines
46,Priscilla Cudby,39,pcudby19@devhub.com,Female,Programmer Analyst III,Thailand
47,Hurleigh Oolahan,39,hoolahan1a@washingtonpost.com,Male,Junior Executive,China
48,Ronni Greenrde,28,rgreenrde1b@microsoft.com,Female,Marketing Manager,Indonesia
49,Berti Magwood,53,bmagwood1c@intel.com,Female,Clinical Specialist,Czech Republic
50,Deedee Cabrera,38,dcabrera1d@bloglovin.com,Female,Senior Sales Associate,Sweden
